{"cameraMode":{"drawMode":0,"name":"Shaded","section":"Shading Mode"},"sceneLighting":false,"audioPlay":false,"sceneViewState":{"m_AlwaysRefresh":false,"showFog":true,"showSkybox":false,"showFlares":true,"showImageEffects":true,"showParticleSystems":true,"showVisualEffectGraphs":true,"m_FxEnabled":true},"in2DMode":false,"pivot":{"x":-0.025484897196292878,"y":2.026130437850952,"z":0.07125970721244812},"rotation":{"x":0.12647923827171327,"y":-0.5901305675506592,"z":0.09425803273916245,"w":0.7917723059654236},"size":0.26517391204833987,"orthographic":false}