{"cameraMode":{"drawMode":0,"name":"Shaded","section":"Shading Mode"},"sceneLighting":false,"audioPlay":false,"sceneViewState":{"m_AlwaysRefresh":false,"showFog":true,"showSkybox":false,"showFlares":true,"showImageEffects":true,"showParticleSystems":true,"showVisualEffectGraphs":true,"m_FxEnabled":true},"in2DMode":false,"pivot":{"x":-6.088588714599609,"y":1.7200000286102296,"z":12.430000305175782},"rotation":{"x":0.12647923827171327,"y":-0.5901305675506592,"z":0.09425803273916245,"w":0.7917723059654236},"size":3.7991552352905275,"orthographic":false}