{"cameraMode":{"drawMode":0,"name":"Shaded","section":"Shading Mode"},"sceneLighting":true,"audioPlay":false,"sceneViewState":{"m_AlwaysRefresh":false,"showFog":true,"showSkybox":true,"showFlares":true,"showImageEffects":true,"showParticleSystems":true,"showVisualEffectGraphs":true,"m_FxEnabled":true},"in2DMode":false,"pivot":{"x":-11.385462760925293,"y":-0.9672714471817017,"z":7.502220153808594},"rotation":{"x":-0.16097314655780793,"y":0.8171874284744263,"z":-0.2733580470085144,"w":-0.48122137784957888},"size":3.4163155555725099,"orthographic":false}